"nombre,apellidos,correo,sexo"
"Juan,Perez,juan.perez@example.com,hombre"
"Maria,Garcia,maria.garcia@example.com,mujer"
"Carlos,Rodriguez,carlos.rod@example.com,hombre"
"Ana,Martinez,ana.mtz@example.com,mujer"
"Luis,Sánchez,luis.snchz@example.com,hombre"
"Elena,Gomez,elena.g@example.com,mujer"
"Diego,Fernandez,diego.f@example.com,hombre"
"Laura,Lopez,laura.lpz@example.com,mujer"
"Javier,Diaz,javier.diaz@example.com,hombre"
"Carmen,Torres,carmen.t@example.com,mujer"
"Sergio,Ruiz,sergio.ruiz@example.com,hombre"
"Marta,Vazquez,marta.v@example.com,mujer"
"Roberto,Castro,roberto.c@example.com,hombre"
"Lucia,Alvarez,lucia.alv@example.com,mujer"
"Fernando,Jimenez,fer.jim@example.com,hombre"
"Isabel,Moreno,isabel.m@example.com,mujer"
"Ricardo,Molina,ricardo.mol@example.com,hombre"
"Paula,Ortiz,paula.o@example.com,mujer"
"Hugo,Delgado,hugo.del@example.com,hombre"
"Sofia,Ramos,sofia.ramos@example.com,mujer"
"Marcos,Blanco,marcos.b@example.com,hombre"
"Sara,Cortes,sara.c@example.com,mujer"
"Andres,Morales,andres.m@example.com,hombre"
"Raquel,Suarez,raquel.s@example.com,mujer"
"Victor,Ortega,victor.o@example.com,hombre"
"Julia,Rubio,julia.r@example.com,mujer"
"Adrian,Marin,adrian.m@example.com,hombre"
"Beatriz,Sanz,beatriz.sanz@example.com,mujer"
"Raul,Nuñez,raul.n@example.com,hombre"
"Alicia,Iglesias,alicia.i@example.com,mujer"
"Mateo,Medina,mateo.med@example.com,hombre"
"Clara,Garrido,clara.g@example.com,mujer"
"Oscar,Santos,oscar.s@example.com,hombre"
"Alba,Castillo,alba.c@example.com,mujer"
"Ruben,Peña,ruben.p@example.com,hombre"
"Irene,Flores,irene.f@example.com,mujer"
"Ivan,Cano,ivan.cano@example.com,hombre"
"Eva,Prieto,eva.p@example.com,mujer"
"Samuel,Mendez,samuel.m@example.com,hombre"
"Noelia,Cruz,noelia.c@example.com,mujer"
"Tomas,Calvo,tomas.c@example.com,hombre"
"Angela,Gallego,angela.g@example.com,mujer"
"Felipe,Vidal,felipe.v@example.com,hombre"
"Cristina,Leon,cris.leon@example.com,mujer"
"Joaquin,Herrera,joaco.h@example.com,hombre"
"Gloria,Marquez,gloria.m@example.com,mujer"
"Mariano,Cabrera,mariano.c@example.com,hombre"
"Natalia,Esteban,natalia.e@example.com,mujer"
"Jose,Pascual,jose.pas@example.com,hombre"
"Valeria,Bravo,valeria.b@example.com,mujer"
